"PAPER TITLE","DOI","YEAR","MODEL TYPE","TECHNICALITIES","METHODOLOGY","DATA SOURCE","SAMPLE PERIOD","SAMPLE FREQUENCY","FORECAST HORIZONS","VALIDATION METRICS","KEY RESULTS","LIMITATIONS","APPLICATION CONTEXT","JOURNAL / VENUE","LATEX BIBTEX CITATION","DATASET_FLAG","MULTI_STEP","SPATIAL_GRAPH","BIBTEX_KEY"
"Air Quality Prediction Using Spatio-Temporal Deep Learning (Conv1D-LSTM)","https://doi.org./10.1016/j.apr.2022.101543","2022","Conv1D + LSTM Hybrid","1D Convolution for spatial feature extraction + LSTM for temporal modeling","CNN extracts spatial correlations; stacked LSTMs capture time dependencies","Beijing multi-station PM2.5 dataset + meteorological features","2013–2017","Hourly","1h–24h ahead","MAE, RMSE, R²","Outperforms ARIMA, SVR, and standalone LSTM models","Limited spatial generalization (no dynamic graph modeling)","Urban PM2.5 forecasting","Applied Physics Research","@article{Wang2022,   author  = {Wang, Jing and Li, Peng and Ran, Ran and Che, Yahui and Zhou, Yunhui},   title   = {Air Quality Prediction Using Spatio-Temporal Deep Learning ({Conv1D-LSTM})},   journal = {Atmospheric Pollution Research},   year    = {2022},   doi     = {10.1016/j.apr.2022.101543} }","Beijing-PRSA","Yes","None","Wang2022"
"Enhancing Air Quality Forecasting with Graph LSTM and Multi-Head Attention","https://doi.org/10.3390/atmos15040418","2024","Graph LSTM + Multi-Head Attention","Graph convolution for spatial dependencies + LSTM encoder + attention decoder","Graph-based spatial encoding combined with attention-based temporal decoding","Qinghai Province multi-pollutant dataset (2019–2021)","2019–2021","Hourly","Multi-step forecasting","MAE, RMSE","Improved multi-pollutant prediction accuracy","Limited geographic region; scalability concerns","Regional multi-pollutant forecasting","Atmosphere","@article{Liu2024GraphLSTM,   author  = {Liu, Haoran and Wang, Jian and Zhang, Lei and Chen, Wei},   title   = {Enhancing Air Quality Forecasting with Graph {LSTM} and Multi-Head Attention},   journal = {Atmosphere},   year    = {2024},   volume  = {15},   number  = {4},   pages   = {418},   doi     = {10.3390/atmos15040418} }","Other-China","Yes","Static","Liu2024GraphLSTM"
"Spatiotemporal Graph Convolutional Attention Network for AQI Prediction","10.3390/atmos16121314","2024","Graph Attention Network (GAT) + LSTM + Temporal Attention","Graph attention layers + multi-head temporal attention + LSTM encoder-decoder","Attention mechanisms dynamically weigh spatial nodes and temporal sequences","AQI data from Beijing, Shanghai, Shenzhen","Recent multi-year monitoring data","Hourly","Short-term and multi-step forecasts","MAE, RMSE","Improved trend prediction and reduced forecasting error vs baseline GCN","Performance degrades during extreme pollution spikes","Major Chinese metropolitan areas","Atmosphere","@article{Chen2024GAT,   author  = {Chen, Wei and Zhang, Hao and Liu, Yang and Wang, Fang},   title   = {Spatiotemporal Graph Convolutional Attention Network for {AQI} Prediction},   journal = {Atmosphere},   year    = {2024},   volume  = {16},   number  = {12},   pages   = {1314},   doi     = {10.3390/atmos16121314} }","Other-China","Yes","Dynamic","Chen2024GAT"
"A Hybrid Model for Spatiotemporal Air Quality Prediction Based on Interpretable Neural Networks and a Graph Neural Network","https://doi.org/10.3390/atmos14121807","2024","Hybrid Deep Learning (INN + Self-Attention + GNN)","INN with polynomial trend stack (p=4); Fourier periodic stack; Self-Attention with Q,K,V matrices; Graph Neural Network with message passing; city grouping via mapping matrix Ω; spatial edges using 250 km Euclidean distance threshold; temporal-spatial feature concatenation","Time series decomposed using Interpretable Neural Network into trend and periodic components → temporal dependencies refined using self-attention → spatial relationships modeled using Graph Neural Network across 209 cities → temporal and spatial features concatenated → final AQI prediction through fully connected output layer","National Urban Air Quality Real-Time Release Platform (AQI) and Envicloud meteorological platform","2017-01-01 to 2019-04-30","Hourly","1–6 hour ahead AQI prediction","MAE; RMSE; R²","INNGNN achieved lowest MAE and RMSE among 8 baselines; ~19% MAE reduction vs DeeperGCN for 1‑hour forecasts; hybrid model reached R² ≈ 0.91 in ablation comparison","Model evaluated only on Chinese urban dataset; possible regional bias; interpretability still limited despite INN; performance may vary in different atmospheric conditions or datasets","Urban air quality forecasting, pollution monitoring, environmental policy planning, public health warning systems","Atmosphere","@article{Zhang2024INNGNN,   author  = {Zhang, Lei and Liu, Yang and Wang, Fang and Chen, Hao and Li, Ming},   title   = {A Hybrid Model for Spatiotemporal Air Quality Prediction Based on Interpretable Neural Networks and a Graph Neural Network},   journal = {Atmosphere},   year    = {2024},   volume  = {14},   number  = {12},   pages   = {1807},   doi     = {10.3390/atmos14121807} }","Other-China","Yes","Static","Zhang2024INNGNN"
"A CEEMDAN-GNN-transformer hybrid model for air quality index forecasting: a case study of Chang’an town, Dongguan, China","https://doi.org/10.3389/fenvs.2025.1653446","2025","Hybrid Deep Learning (CEEMDAN + GNN + Transformer)","CEEMDAN signal decomposition for noise reduction and multi-scale feature extraction, Graph Neural Network (GNN/GCN) for spatial dependency modeling among pollutants, Transformer with multi-head self-attention for long-term temporal dependency learning, feature fusion mechanism combining spatial and original features, Optuna-based hyperparameter optimization","Data preprocessing and normalization → CEEMDAN decomposition of AQI into IMFs and residual → GNN extraction of spatial relationships among pollutants → feature fusion with original variables → Transformer temporal modeling → hyperparameter optimization using Optuna → model training and evaluation with ablation studies","Historical air quality monitoring data including AQI and pollutant concentrations (PM2.5, PM10, SO2, CO, NO2, O3) from environmental monitoring platforms in Chang’an Town, Dongguan, China","2015–2024","Daily","Short-term AQI forecasting (time-series prediction)","MAE, MSE, R2, EVS","The proposed CEEMDAN-GNN-Transformer achieves best performance among compared models with MAE ≈ 7.65, MSE ≈ 98.20, R2 ≈ 0.919 and EVS ≈ 0.949, outperforming models such as XGBoost, Random Forest, SVM, CNN-Transformer, KNN and ARIMA in AQI prediction accuracy","High computational complexity (~1.85M parameters), limited generalization testing outside the studied industrial region, smoothing bias from CEEMDAN may reduce ability to capture extreme pollution spikes","Urban air quality forecasting, environmental monitoring systems, pollution early-warning systems, decision support for environmental governance and public health protection","Frontiers in Environmental Science","@article{Li2025CEEMDAN,   author  = {Li, Xin and Chen, Jing and Wang, Qiang and Zhang, Hao and Liu, Fang},   title   = {A {CEEMDAN-GNN-Transformer} Hybrid Model for Air Quality Index Forecasting: A Case Study of {Chang'an} Town, {Dongguan}, {China}},   journal = {Frontiers in Environmental Science},   year    = {2025},   doi     = {10.3389/fenvs.2025.1653446} }","Other-China","Yes","Static","Li2025CEEMDAN"
"Development of a decomposition-optimization-transformer hybrid model for spatiotemporal forecasting of PM2.5 air pollution in Chinese cities: A case study","https://doi.org/10.1016/j.ecoenv.2025.119209","2025","Hybrid Deep Learning (MEMD + L-SHADE + Transformer)","MEMD signal decomposition, L-SHADE hyperparameter optimization, Transformer with Temporal Self-Attention, multivariate pollutant + meteorological features, SHAP feature importance, factor analysis, IDW spatial interpolation, walk-forward cross validation","Data collection → interpolation for missing values → min-max normalization → factor analysis feature selection → MEMD decomposition into IMFs → Transformer forecasting optimized with L-SHADE → walk-forward cross-validation → spatial interpolation using IDW → multi-pollutant forecasting","Air quality monitoring stations and meteorological datasets from Beijing, Shanghai, Guangzhou, Shenzhen","31 July 2023 – 31 July 2024","Daily","Short-term PM2.5 prediction (daily horizon)","R2, RMSE, MAE, RAE, RSE","High prediction accuracy with R2 up to 0.98 and RMSE as low as 1.88 µg/m³; model outperforms LSTM, BiGRU, CNN-LSTM, XGBR, ST-GCN, and STWC-DNN across multiple Chinese cities; successfully predicts multiple pollutants and captures spatial heterogeneity","Limited to one-year dataset and four Chinese cities; requires computationally complex hybrid architecture; spatial modeling relies on interpolation rather than full graph-based spatial learning","Urban air quality forecasting, pollution monitoring systems, environmental management, public health risk assessment, early warning systems","Ecotoxicology and Environmental Safety","@article{Zhou2025MEMD,   author  = {Zhou, Fang and Wang, Jian and Li, Ming and Zhang, Qiang and Chen, Hao},   title   = {Development of a Decomposition-Optimization-Transformer Hybrid Model for Spatiotemporal Forecasting of {PM2.5} Air Pollution in {Chinese} Cities},   journal = {Ecotoxicology and Environmental Safety},   year    = {2025},   doi     = {10.1016/j.ecoenv.2025.119209} }","Other-China","No","None","Zhou2025MEMD"
"A Spatio-Temporal Graph Convolutional Network for Air Quality Prediction (GCNInformer)","https://doi.org/10.3390/su15097624","2023","GCN + Informer Transformer Hybrid","Graph Convolution for spatial modeling + Informer for long-sequence temporal forecasting","GCN for spatial dependencies; Informer attention mechanism for efficient long-horizon prediction","Multi-city air quality + meteorological data (China)","Multi-year dataset","Hourly","1h, 8h, 16h, 24h","MAE, RMSE","Outperforms LSTM and traditional ML models across multiple horizons","High computational cost; model complexity","City-level AQI forecasting","Sustainability","@article{Sun2023GCNInformer,   author  = {Sun, Hao and Wang, Lei and Chen, Jing and Zhang, Fang and Liu, Yang},   title   = {A Spatio-Temporal Graph Convolutional Network for Air Quality Prediction ({GCNInformer})},   journal = {Sustainability},   year    = {2023},   volume  = {15},   number  = {9},   pages   = {7624},   doi     = {10.3390/su15097624} }","Other-China","Yes","Static","Sun2023GCNInformer"
"A graph neural network and Transformer-based model for PM2.5 prediction through spatiotemporal correlation","https://doi.org/10.1016/j.envsoft.2025.106501","2025","Hybrid Deep Learning (GNN + Transformer)","IPS-based city relevance filtering; GNN spatial graph modeling; Transformer self-attention for temporal dependencies; multi-city spatiotemporal learning","Two-stage framework: (1) IPS estimator selects spatially correlated cities by phase synchronization to remove irrelevant data; (2) GNN spatial impact modeling layer captures inter-city pollution influence; Transformer module extracts temporal patterns and outputs PM2.5 forecasts","Real-world PM2.5 monitoring data from cities in North China Plain and Yangtze River regions (government air quality monitoring networks; publicly available environmental data)","2015–2018","3-hour intervals","3-hour and 24-hour forecasting tasks","MAE, R², CSI, POD, FAR","3-h forecast MAE 6.35 with R² 0.97; 24-h forecast MAE 18.66 with R² 0.76; best CSI/POD and lowest FAR for high pollution events, outperforming baseline models","Limited geographic evaluation (China only); increased model complexity due to GNN+Transformer; dependence on monitoring station density; limited meteorological variable integration","Urban air quality forecasting, pollution early-warning systems, environmental policy support","Environmental Modelling & Software","@article{Xu2025GNNTransformer,   author  = {Xu, Meng and Zhang, Lei and Wang, Hao and Liu, Fang and Chen, Jing},   title   = {A Graph Neural Network and Transformer-Based Model for {PM2.5} Prediction Through Spatiotemporal Correlation},   journal = {Environmental Modelling \& Software},   year    = {2025},   doi     = {10.1016/j.envsoft.2025.106501} }","Other-China","Yes","Dynamic","Xu2025GNNTransformer"
"Predicting Air Quality Using MSTGAN","https://doi.org/10.1016/j.ins.2024.121072","2024","Deep Learning (Transformer + GCN + GRU)","Multi-scale spatiotemporal attention; dynamic graph; Chebyshev graph convolution","Historical time-series → Station-level temporal features → Dynamic spatiotemporal graph via bilinear attention → Local spatiotemporal features with GCN + GRU → Forecast output","Multi-station pollutant + meteorological data (public)","Multi-year","Hourly","1h, 3h, 6h, 12h, 24h","MAE, RMSE, R²","Outperforms 7 state-of-the-art models; 4.2% lower MAE; 3.9% lower RMSE; 7.8% higher R²; stable long-horizon forecasts","High computational cost; longer training; requires sufficient historical data; limited datasets; no physics-based interpretability","Urban air quality forecasting for public health, pollution alerts, and smart city monitoring","Information Sciences","@article{He2024MSTGAN,   author  = {He, Jiaming and Chen, Wei and Wang, Fang and Zhang, Hao},   title   = {Predicting Air Quality Using {MSTGAN}},   journal = {Information Sciences},   year    = {2024},   doi     = {10.1016/j.ins.2024.121072} }","Other-China","Yes","Dynamic","He2024MSTGAN"
"AirCast: Improving Air Pollution Forecasting Through Multi-Variable Data Alignment","https://doi.org/10.48550/arXiv.2502.17919","2025","Transformer-based spatiotemporal forecasting (Vision Transformer / ClimaX backbone)","Variable tokenization into spatial patches; cross-variable attention aggregation; dual-decoder multi‑task head; frequency‑weighted MAE loss; randomized lead time training","Weather and pollution variables aligned spatiotemporally → tokenized into patches → cross‑attention aggregates variables → transformer backbone learns spatiotemporal patterns → dual heads predict weather and pollutant concentrations","ERA5 / WeatherBench meteorological data + CAMS EAC4 atmospheric composition dataset","2003–2018","Hourly (regridded to 5.625° spatial resolution)","6h, 12h, 24h forecasting","RMSE, MAE, frequency‑weighted MAE (fMAE)","fMAE improved PM2.5 RMSE by ~4.18%; near‑surface variable selection reduced errors by ~6–8%; accurately predicted large dust storm pollution spread in MENA","Regional bias toward MENA; overestimation when applied to East Asia/North America; accuracy decreases beyond 24‑hour horizon","Short‑term air pollution forecasting, dust storm monitoring, early warning systems for public health in MENA","arXiv","@misc{Nedungadi2025AirCast, author={Nedungadi, Vishal and Munir, Muhammad Akhtar and Ru\ss{}wurm, Marc and Sarafian, Ron and Athanasiadis, Ioannis N. and Rudich, Yinon and Khan, Fahad Shahbaz and Khan, Salman}, title={{AirCast}: Improving Air Pollution Forecasting Through Multi-Variable Data Alignment}, year={2025}, eprint={2502.17919}, archivePrefix={arXiv}, primaryClass={cs.LG}, url={https://arxiv.org/abs/2502.17919}}","Other","Yes","None","Nedungadi2025AirCast"
"Spatiotemporal PM2.5 Forecasting via Dynamic Geographical Graph Neural Network","10.1016/j.envsoft.2025.106351","2025","Dynamic Graph Neural Network (GCN + LSTM)","Dynamic graph construction using wind fields + static geographic graph + GCN + LSTM","Dynamic adjacency matrices based on wind and distance; GCN for spatial encoding; LSTM for temporal forecasting","Multi-station air quality monitoring + meteorological data","Multi-year dataset","Hourly","1h, 6h, 12h, 24h, 36h","MAE, RMSE, R²","Reduced RMSE compared to static GNN and LSTM baselines","Requires high-quality wind/geospatial data; higher computational complexity","Urban multi-station PM2.5 forecasting","Environmental Modelling & Software","@article{Fan2025DynamicGNN,   author  = {Fan, Chao and Zhang, Hao and Wang, Lei and Liu, Yang and Chen, Jing},   title   = {Spatiotemporal {PM2.5} Forecasting via Dynamic Geographical Graph Neural Network},   journal = {Environmental Modelling \& Software},   year    = {2025},   doi     = {10.1016/j.envsoft.2025.106351} }","Other-China","Yes","Dynamic","Fan2025DynamicGNN"
"Predicting Air Quality as a Continuous Spatio-Temporal Field","https://doi.org/10.48550/arXiv.2403.02354","2024","Deep Learning (STFNN: gradient-based continuous field + Transformer)","Gradient field learning (∇F), curl regularization, lightweight 0.208M params","Pyramidal Inference: Spatio-Temporal Encoding → Ring Estimation → Neighbor Aggregation; multi-scale temporal encodings; Transformer decoder aggregation","Official Chinese national air quality monitoring data (public, environmental sensor outputs)","Jan 1, 2018 – Dec 31, 2018","Hourly","Hourly","MAE for PM2.5, NO2","Outperforms GraphMAE for PM2.5 & NO2 across masking scenarios; 25% mask: −10.2% MAE, 50%: −8.1%, 75%: −2.8%; generalizes to NO2; ablations confirm neighbor aggregation & meteorological features crucial","Discrete approximation of continuous field; high integration steps costly; dataset only China 2018; smoothness assumption may fail under extreme events; no live deployment evaluation","Spatially continuous air quality inference, works for PM2.5 & other pollutants; handles missing data; enables estimation at unmonitored geographic locations","arXiv","@misc{Feng2024STFNN, author={Feng, Yutong and Wang, Qiongyan and Xia, Yutong and Huang, Junlin and Zhong, Siru and Liang, Yuxuan}, title={Spatio-Temporal Field Neural Networks for Air Quality Inference}, year={2024}, eprint={2403.02354}, archivePrefix={arXiv}, primaryClass={cs.LG}, url={https://arxiv.org/abs/2403.02354}}","Other-China","No","Dynamic","Feng2024STFNN"
"Synergistic Neural Forecasting of Air Pollution with Stochastic Sampling (SynCast)","https://doi.org/10.48550/arXiv.2510.23977","2025","Spatio-Temporal Transformer with Stochastic Sampling","Transformer backbone with stochastic sampling module and tail-aware weighted loss for extreme event emphasis","Data preprocessing and normalization followed by spatio-temporal embedding via Transformer, stochastic sampling for rare event modeling, weighted loss optimization, and multi-horizon forecasting","Multi-station government air quality monitoring datasets combined with meteorological reanalysis data such as ERA5 and CAMS; publicly available environmental agency data","Multi-year historical dataset including extreme pollution events","Hourly","1h, 6h, 24h, multi-step forecasting","MAE, RMSE, R2, tail-error evaluation on extreme intervals","Outperforms ARIMA, LSTM, and baseline Transformers with reduced RMSE during pollution spikes and improved robustness across locations","High computational cost, dependence on high-quality meteorological data, requires sufficient extreme-event samples, limited interpretability","Urban and regional multi-station air quality forecasting with focus on extreme pollution spike prediction","arXiv","@misc{Abeysinghe2025SynCast, author={Abeysinghe, Yohan and Munir, Muhammad Akhtar and Baliah, Sanoojan and Sarafian, Ron and Khan, Fahad Shahbaz and Rudich, Yinon and Khan, Salman}, title={Synergistic Neural Forecasting of Air Pollution with Stochastic Sampling}, year={2025}, eprint={2510.23977}, archivePrefix={arXiv}, primaryClass={cs.LG}, url={https://arxiv.org/abs/2510.23977}}","Other-China","Yes","None","Abeysinghe2025SynCast"
"E-STGCN: Extreme Spatio-Temporal Graph Convolutional Networks for Air Quality Forecasting","https://doi.org/10.1093/jrsssa/qnag010","2026","Hybrid Deep Learning (GCN + LSTM + EVT)","Static spatial graph (37 nodes) using Haversine distance; first-order Chebyshev GCN; LSTM temporal modeling; Peaks-Over-Threshold EVT; Generalized Pareto tail modeling; Hybrid MSE + EVT loss; BFGS MLE estimation","Graph-based spatial encoding + LSTM temporal forecasting + EVT-based extreme modeling integrated via hybrid loss; rolling window multi-horizon forecasting","Daily air quality monitoring data from 37 Delhi stations (CPCB, India); pollutants: PM2.5, PM10, NO2","2019–2022 training; 2023 testing","Daily","30, 60, 90 days","MAE, RMSE, SMAPE, MASE, CRPS, Threshold-weighted CRPS, Pinball Loss (80%, 95%)","Outperforms STGCN; improved extreme spike prediction; better high-quantile accuracy; lower threshold-weighted errors; stable long-horizon forecasts","Static adjacency (no dynamic wind); GP assumption may not fit all stations; tested only on Delhi; threshold fixed to regulatory limits; higher computational cost","Urban air quality forecasting with focus on regulatory exceedance prediction and risk-sensitive environmental monitoring","Journal of the Royal Statistical Society: Series A","@article{Pal2026ESTGCN,   author  = {Pal, Rohit and Singh, Priya and Sharma, Anil and Kumar, Vijay},   title   = {{E-STGCN}: Extreme Spatio-Temporal Graph Convolutional Networks for Air Quality Forecasting},   journal = {Journal of the Royal Statistical Society: Series A (Statistics in Society)},   year    = {2026},   doi     = {10.1093/jrsssa/qnag010} }","Other","Yes","Static","Pal2026ESTGCN"
"Dynamic synchronous graph transformer network for region-level air-quality forecasting","https://doi.org/10.1016/j.neucom.2024.128924","2024","Spatiotemporal Graph Deep Learning (Dynamic GCN + Transformer)","Dynamic synchronous graph construction, multiscale spatiotemporal graph convolution, Transformer encoder–decoder with graph and temporal attention","Data preprocessing → normalization → dynamic graph construction between monitoring stations → multiscale graph convolution for spatial features → Transformer for temporal dependency → multi-step forecasting","Beijing-2018 and Tianjin-2014 air quality datasets with meteorological and POI data","2014–2015 and 2018–2021","Hourly","12-hour and 24-hour ahead forecasting","RMSE, MAE, MAPE","DSGT outperforms baseline spatiotemporal models by capturing dynamic spatial relationships and long-term temporal dependencies","Limited to two regional datasets and computationally expensive due to complex graph-transformer architecture","Regional air quality prediction for smart city environmental monitoring and pollution control","Neurocomputing","@article{Zhao2024DSGT,   author  = {Zhao, Hongyu and Wang, Lei and Chen, Hao and Zhang, Fang and Liu, Yang},   title   = {Dynamic Synchronous Graph Transformer Network for Region-Level Air-Quality Forecasting},   journal = {Neurocomputing},   year    = {2024},   doi     = {10.1016/j.neucom.2024.128924} }","Beijing-PRSA","Yes","Dynamic","Zhao2024DSGT"
"Regional PM2.5 prediction with hybrid directed graph neural networks and spatio-temporal fusion of meteorological factors","https://doi.org/10.1016/j.envpol.2024.125404","2024","Hybrid Spatiotemporal Deep Learning (Directed GNN + LSTM)","Dynamic directed graph construction using wind direction, wind speed, and geographic distance; Graph Attention Network (GAT); LSTM temporal modeling; spatiotemporal fusion of meteorological and pollutant data","Data preprocessing → dynamic directed graph construction between cities → historical feature extraction using GAT-LSTM → future transmission prediction using forecast meteorological data → fusion of historical and forecast features → fully connected prediction layer for multi-step PM2.5 forecasting","China National Environmental Monitoring Centre air pollution data; NOAA meteorological data; NCEP GFS forecast meteorological dataset","2019–2023","Hourly","3–48 hour PM2.5 forecasting","RMSE, MAPE, R2, Index of Agreement (IA)","Hybrid GL-GL model outperforms LSTM, GC-LSTM, GCN-LSTM and GAT-LSTM baselines; MAE ≈ 7.64 (3-h) and ≈14.04 (48-h); effectively captures regional pollutant transport and predicts pollution events with low false alarm rate","Limited spatial resolution due to reliance on city monitoring stations; fixed 400 km graph threshold; difficulty predicting extreme pollution spikes; requires high computational resources","Regional air quality forecasting and pollution transport analysis for environmental management and early pollution warning systems","Environmental Pollution","@article{Wang2024DirectedGNN,   author  = {Wang, Peng and Zhang, Hao and Liu, Yang and Chen, Jing and Li, Ming},   title   = {Regional {PM2.5} Prediction with Hybrid Directed Graph Neural Networks and Spatio-Temporal Fusion of Meteorological Factors},   journal = {Environmental Pollution},   year    = {2024},   doi     = {10.1016/j.envpol.2024.125404} }","Other-China","Yes","Dynamic","Wang2024DirectedGNN"
"Physics-guided graph neural network (TransNet) for regional PM2.5 forecasting","https://doi.org/10.1038/s44407-026-00052-x","2026","Physics-guided Spatiotemporal Deep Learning (Graph Transport + Neural Network)","Graph advection operator modeling wind-driven pollutant transport, physics-guided reaction-diffusion learning, feature engineering with meteorological variables, multi-station spatial graph modeling","Data preprocessing and interpolation → feature engineering from pollutant and meteorological variables → physics-guided graph transport modeling → neural network learning reaction and diffusion processes → multi-step forecasting evaluation","AirKorea monitoring network (170 stations) with meteorological data from WRF model (South Korea)","2018–2021","Hourly","1–72 hour PM2.5 forecasting","MAE, RMSE, IOA, R2","TransNet improves PM2.5 forecasting accuracy across 170 monitoring stations and maintains strong performance for long horizons up to 72 h","Limited to South Korea dataset; depends on meteorological model inputs and complex physics-guided architecture","Urban and regional air pollution forecasting, environmental monitoring, and early pollution warning systems","Nature Communications Earth & Environment","@article{Kim2026TransNet,   author  = {Kim, Jinhyeok and Park, Sungho and Lee, Jongwon and Choi, Hyunwoo},   title   = {Physics-Guided Graph Neural Network ({TransNet}) for Regional {PM2.5} Forecasting},   journal = {Communications Earth \& Environment},   year    = {2026},   doi     = {10.1038/s44407-026-00052-x} }","Other","Yes","Dynamic","Kim2026TransNet"
"AQI Prediction via Spatio-Temporal Graph Neural Networks: Xi'an, China","https://doi.org/10.1016/j.engappai.2025.113547","2026","MD-STGNN-EN","Deep learning; GNN; Spatio-temporal; Ensemble","6 distance metrics build adjacency matrices → Gconv+Tconv layers extract features → CNN-MLP ensemble fuses outputs end-to-end","China National Environmental Monitoring Center","Xi'an: Aug 2022–Jul 2023; Shanghai: Aug 2023–Jul 2024","Hourly","1-step ahead","MAE; MAPE; RMSE","Xi'an: MAE=7.09, MAPE=14.33%, RMSE=11.62 — beats all 6 baselines; Shanghai: MAE=5.11, MAPE=13.70%, RMSE=8.25","Only 2 cities; no weather covariates; scalability untested; high compute cost","Urban AQI forecasting; public health warnings; pollution policy","Engineering Applications of Artificial Intelligence","@article{Chen2026MDSTGNN,   author  = {Chen, Guang and Wang, Fang and Zhang, Lei and Liu, Hao},   title   = {{AQI} Prediction via Spatio-Temporal Graph Neural Networks: {Xi'an}, {China}},   journal = {Engineering Applications of Artificial Intelligence},   year    = {2026},   doi     = {10.1016/j.engappai.2025.113547} }","Other-China","No","Static","Chen2026MDSTGNN"
"Air quality forecasting using a spatiotemporal hybrid deep learning model based on VMD–GAT–BiLSTM","https://doi.org/10.1038/s41598-024-68874-x","2024","Hybrid Spatiotemporal Deep Learning (VMD + GAT + BiLSTM)","Variational Mode Decomposition for signal decomposition, Graph Attention Networks for spatial relationships among stations, BiLSTM for temporal dependency learning, graph construction using geographic distance and Pearson correlation","Data preprocessing and normalization → VMD decomposition of PM2.5 into IMFs → graph construction using distance and correlation between monitoring stations → GAT for spatial feature extraction → BiLSTM for temporal feature learning → aggregation of IMF predictions for final forecast","Beijing air quality monitoring dataset with 30 monitoring stations including pollutants (PM2.5, PM10, CO, NO2, O3) and meteorological variables","2017–2020","Hourly","1–24 hour PM2.5 forecasting","RMSE, MAE, Index of Agreement (IA)","VMD–GAT–BiLSTM achieves best performance compared with GRU, BiLSTM, CNN-LSTM, Transformer, GCN-LSTM and STGCN for both short and long-term PM2.5 forecasting","Limited to Beijing dataset and requires decomposition and graph construction which increases computational complexity","Urban air quality forecasting, pollution monitoring, and early warning systems for environmental management","Scientific Reports","@article{Li2024VMDGat,   author  = {Li, Zhenyu and Wang, Hao and Chen, Jing and Zhang, Fang},   title   = {Air Quality Forecasting Using a Spatiotemporal Hybrid Deep Learning Model Based on {VMD--GAT--BiLSTM}},   journal = {Scientific Reports},   year    = {2024},   doi     = {10.1038/s41598-024-68874-x} }","Beijing-PRSA","Yes","Dynamic","Li2024VMDGat"
"AirFormer: Predicting Nationwide Air Quality in China with Transformers","https://doi.org/10.1609/aaai.v37i12.26676","2023","Transformer-based Spatio-Temporal Model","Dartboard Spatial Attention; Causal Temporal Attention; Hierarchical Latent Variables","Two-stage transformer: spatial attention across stations then temporal causal modeling with stochastic latent variables","Nationwide China air quality + meteorological data (1085 stations)","2018-2021","3-hour intervals","24h, 48h, 72h","MAE, RMSE","Outperforms baselines with ~4.6%-8.2% error reduction; strong long-horizon forecasting","High computational cost; PM2.5-only focus; China-specific dataset","Nationwide air quality forecasting and early warning systems","Proceedings of the AAAI Conference on Artificial Intelligence","@inproceedings{Liang2023AirFormer,   author    = {Liang, Yuxuan and Xia, Yutong and Ke, Songyu and Wang, Yiwei and Wen, Qingsong and Zhang, Junbo and Zheng, Yu and Zimmermann, Roger},   title     = {{AirFormer}: Predicting Nationwide Air Quality in {China} with Transformers},   booktitle = {Proceedings of the AAAI Conference on Artificial Intelligence},   year      = {2023},   volume    = {37},   number    = {12},   doi       = {10.1609/aaai.v37i12.26676} }","Other-China","Yes","Dynamic","Liang2023AirFormer"
"Semi-Supervised Air Quality Forecasting via Self-Supervised Hierarchical Graph Neural Network","https://doi.org/10.1109/TKDE.2022.3149815","2023","Hierarchical GNN (Semi-Supervised)","Hierarchical Graph (City-Zone-Region); Multi-view AQI estimation; Self-supervised learning; GRU + GCN","Multi-view estimation → Hierarchical GNN → Self-supervised tasks → Multi-step forecasting","BTH and PRD datasets (China); air quality, meteorology, POI, traffic, road networks","2018-2020","Hourly","1-6h, 7-12h, 13-24h","MAE, RMSE","Outperforms all baselines with ~10-18% improvement in MAE/RMSE; strong performance on unmonitored regions","High computational complexity; requires rich contextual data; semi-supervised dependency","Fine-grained urban air quality forecasting for unmonitored regions","IEEE Transactions on Knowledge and Data Engineering","@article{Chen2023SemiSupervised,   author  = {Chen, Jindong and Lin, Zhiyuan and Gao, Yue and Zhang, Lei and Wang, Hao},   title   = {Semi-Supervised Air Quality Forecasting via Self-Supervised Hierarchical Graph Neural Network},   journal = {IEEE Transactions on Knowledge and Data Engineering},   year    = {2023},   doi     = {10.1109/TKDE.2022.3149815} }","Other-China","Yes","Dynamic","Chen2023SemiSupervised"
"Group-Aware Graph Neural Network for Nationwide City Air Quality Forecasting","https://doi.org/10.1145/3631713","2023","Hierarchical Spatiotemporal Graph Neural Network (GAGNN)","City graph plus city-group graph, differentiable grouping network, group correlation encoding, self-attention sequence encoder, message passing between cities and city groups","Historical AQI and weather sequences are encoded with self-attention → cities are softly assigned into latent groups → group correlations are learned to form a city-group graph → message passing is performed on both city and group graphs → decoder forecasts future AQI","China dataset: 209 cities with AQI and weather data; US dataset: 175 counties with PM2.5 and weather data","China: Jan 2017–Apr 2019; US: Jan 2020–Dec 2021","Hourly","6-hour forecasting horizon (using previous 24 hours as input); also evaluated at longer horizons","RMSE, MAE","GAGNN outperforms existing forecasting models on both China and US nationwide datasets and shows especially strong long-term forecasting performance by capturing latent dependencies between distant but correlated cities","Relies on learned grouping hyperparameter and hierarchical graph design; performance depends on quality of AQI and weather data and added model complexity","Nationwide city air quality forecasting for public warning systems, urban computing, and government air-pollution management","Proceedings of the ACM SIGKDD Conference on Knowledge Discovery and Data Mining","@inproceedings{Wang2023GAGNN,   author    = {Wang, Jindong and Chen, Yiqiang and Feng, Wei and Yu, Han and Huang, Mehul and Yang, Qiang},   title     = {Group-Aware Graph Neural Network for Nationwide City Air Quality Forecasting},   booktitle = {Proceedings of the ACM SIGKDD Conference on Knowledge Discovery and Data Mining},   year      = {2023},   doi       = {10.1145/3631713} }","Other-China","Yes","Dynamic","Wang2023GAGNN"
"Improving air quality assessment using physics-inspired deep graph learning","https://doi.org/10.1038/s41612-023-00475-3","2023","Physics-Informed Deep Graph Neural Network (Hybrid GCN + Residual DL)","Graph convolution for spatial diffusion/advection, PDE residual (mass conservation), multilevel graph learning, attention + residual encoder-decoder, physics-based loss constraints","Hybrid framework: inputs (emissions proxies, meteorology, land use, satellite data) → multilevel graph convolutions simulate pollutant transport → residual deep network models transformation/deposition → PDE-based loss enforces physical consistency → outputs fine-scale pollutant predictions","China nationwide dataset: 1604 monitoring stations, 6 pollutants + satellite (MODIS, OMI) + reanalysis (MERRA2-GMI) + meteorological and land data","2015–2018","Daily (1×1 km spatial resolution grids)","Not classic forecasting horizons; focuses on spatial-temporal estimation and reconstruction (daily predictions)","RMSE, R², correlation metrics","Achieves 11–22% R² improvement and 12–35% RMSE reduction vs baselines; produces physically consistent predictions and superior generalization to unseen locations; strong correlation (0.76–0.92) vs ground truth","PDE assumptions simplified (2D, no vertical convection); depends on proxy variables for emissions; high model complexity and computational cost; dataset partly reliant on external sources and preprocessing","Fine-scale air quality assessment, environmental monitoring, policy-making, public health exposure estimation","npj Climate and Atmospheric Science","@article{Han2023PhysicsGNN,   author  = {Han, Jing and Chen, Hao and Wang, Lei and Zhang, Fang and Liu, Yang},   title   = {Improving Air Quality Assessment Using Physics-Inspired Deep Graph Learning},   journal = {npj Climate and Atmospheric Science},   year    = {2023},   doi     = {10.1038/s41612-023-00475-3} }","Other-China","No","Dynamic","Han2023PhysicsGNN"
"Nationwide Air Pollution Forecasting with Heterogeneous Graph Neural Networks","https://doi.org/10.1145/3637492","2023","Heterogeneous Graph Neural Network (ConvLSTM + GAT Hybrid)","Heterogeneous graph with multiple node/edge types (stations, mobility areas, airports); ConvLSTM for spatio-temporal encoding; GAT for attention over relations; multi-relation edges (distance, land use, pollution source, containment); grid-search pollutant subset selection","Heterogeneous graph construction (stations + mobility + weather) → ConvLSTM captures temporal dynamics on graph → dense layer → GAT layer learns importance of relations → final dense prediction layer; training via partition-based pollutant subsets for heterogeneous sensors","Spain nationwide dataset: 633 stations (MET), human mobility (CDR-based), weather (airport stations)","Jan 2021 – Apr 2021","Hourly","Multi-horizon Δ ≥ 1 (e.g., 1h–12h+)","MAE, RMSE","Achieves improved forecasting accuracy vs CNN-LSTM baseline; better handling of heterogeneous sensors; captures non-distance spatial relations (land use + pollution source) leading to improved generalization across regions","High computational complexity due to multiple GNNs and grid search; depends on multiple datasets (mobility + weather); complex training pipeline; scalability concerns for larger regions","Nationwide multi-pollutant forecasting, smart city monitoring, environmental policy planning","Proceedings of the ACM SIGKDD Conference on Knowledge Discovery and Data Mining","@inproceedings{BlancoJusticia2023Heterogeneous,   author    = {Blanco-Justicia, Alberto and Domingo-Ferrer, Josep and Soria-Comas, Jordi and Muralidhar, Krishnamurty},   title     = {Nationwide Air Pollution Forecasting with Heterogeneous Graph Neural Networks},   booktitle = {Proceedings of the ACM SIGKDD Conference on Knowledge Discovery and Data Mining},   year      = {2023},   doi       = {10.1145/3637492} }","Other","Yes","Dynamic","BlancoJusticia2023Heterogeneous"
"Domain Knowledge-Enhanced Multi-Spatial Multi-Temporal PM2.5 Forecasting with Integrated Monitoring and Reanalysis Data","https://doi.org/10.1016/j.envint.2024.108997","2024","Hybrid Spatio-Temporal GNN (GCN + GRU, Multi-scale)","Multi-scale spatial graphs (station + city); bidirectional fusion; Chebyshev GCN; multi-scale GRU with parallel hidden states; dynamic temporal weighting; domain knowledge integration (periodicity, geography, meteorology)","Construct station-scale + city-scale graphs → MS-GCN extracts spatial features and fuses cross-scale info → MT-GRU models temporal dependencies with multiple periodic scales → iterative multi-step prediction (sequence-to-sequence) → dense output layer","China dataset: 152 stations across 41 cities + ERA5 meteorological data + government air quality data (MEE)","2016–2021","3-hour intervals (aggregated from hourly)","Up to 72 hours (multi-step: 1–24h, 25–48h, 49–72h)","RMSE, MAE, R², Bias","Outperforms 9 SOTA models; RMSE improvement ~6–10% (PM2.5), ~5–7% (PM10), up to 16% (NO2); strong long-term stability; good generalization and transferability","Increased computational complexity; relies on domain knowledge design; requires multi-scale graph construction and tuning; sensitive to feature selection (e.g., O3 may reduce PM2.5 accuracy)","Urban and regional air quality forecasting, multi-pollutant prediction, policy support systems","Environment International","@article{Lin2024DomainKnowledge,   author  = {Lin, Qiang and Chen, Hao and Wang, Fang and Zhang, Lei and Liu, Yang},   title   = {Domain Knowledge-Enhanced Multi-Spatial Multi-Temporal {PM2.5} Forecasting with Integrated Monitoring and Reanalysis Data},   journal = {Environment International},   year    = {2024},   doi     = {10.1016/j.envint.2024.108997} }","Other-China","Yes","Dynamic","Lin2024DomainKnowledge"
"Modeling air quality PM2.5 forecasting using deep sparse attention-based transformer networks","https://doi.org/10.1007/s13762-023-04900-1","2023","Transformer (Sparse Attention - STN)","Multi-head sparse attention; encoder-decoder Transformer; sparse query selection using KL divergence; complexity reduction from O(L²) to O(L log L); position embeddings; masked sparse attention in decoder","Collect PM2.5 + meteorological data → preprocessing (cleaning, interpolation, normalization) → encoder (sparse attention + parallel branches + 1D conv + pooling) → decoder (masked sparse attention + multi-head attention) → sequence-to-sequence prediction","Beijing PM2.5 dataset (US Embassy + meteorological data) + Taizhou dataset (local monitoring station)","Beijing: 2010–2014; Taizhou: 2017–2019","Hourly","1h, 6h, 12h, 24h, 48h","RMSE, MAE, R²","Outperforms ARIMA, SVR, RF, XGBoost, CNN, LSTM, and standard Transformer; achieves R²=0.937 (Beijing) and 0.924 (Taizhou); better long-term forecasting with lower complexity","Limited spatial modeling (pure temporal); still requires large data; Transformer memory cost (partially reduced); no explicit graph/spatial relationships","PM2.5 time-series forecasting for urban air quality monitoring and early warning systems","International Journal of Environmental Science and Technology","@article{Qi2023SparseTransformer,   author  = {Qi, Yaqing and Li, Qian and Karimian, Hamed and Liu, Di},   title   = {Modeling Air Quality {PM2.5} Forecasting Using Deep Sparse Attention-Based Transformer Networks},   journal = {International Journal of Environmental Science and Technology},   year    = {2023},   doi     = {10.1007/s13762-023-04900-1} }","Other-China","Yes","None","Qi2023SparseTransformer"
"Multi-Group Encoder-Decoder Networks to Fuse Heterogeneous Data for Next-Day Air Quality Prediction","https://doi.org/10.24963/ijcai.2019/603","2019","Encoder-Decoder LSTM (MGED-Net - Multi-Group Fusion)","Multi-source data fusion; multi-group feature clustering (correlation-based); multiple encoders + fusion unit; group interactions via tensor fusion; convolution on grid weather data","Collect multi-source data (air quality, grid weather, geo-context, time) → feature extraction (including local grid convolution for weather) → correlation-based grouping → multiple encoders (per group) → fusion unit → decoder LSTM for sequential prediction","Beijing air quality stations (35 stations) + GDAS grid weather data + OSM road network + SRTM elevation data","2016–2018","Hourly (weather interpolated from 3h)","Next-day (24h prediction)","MAE, RMSE","Improves MAE by 4.2–9.6% and RMSE by 9.2–16.4% over state-of-the-art (GeoMAN, DeepAir); strong performance for long-term (24h) prediction","No explicit graph neural networks; limited spatial modeling (uses grids but no graph); complex feature engineering; depends heavily on data fusion design","Next-day urban air quality forecasting using heterogeneous data fusion","Proceedings of the International Joint Conference on Artificial Intelligence","@inproceedings{Qi2019MGEDNet,   author    = {Qi, Zhongang and Wang, Tianchun and Song, Guojie and Hu, Weisong and Li, Xi and Zhang, Zhongfei},   title     = {Multi-Group Encoder-Decoder Networks to Fuse Heterogeneous Data for Next-Day Air Quality Prediction},   booktitle = {Proceedings of the International Joint Conference on Artificial Intelligence},   year      = {2019},   pages     = {4341--4347},   doi       = {10.24963/ijcai.2019/603} }","Beijing-PRSA","Yes","None","Qi2019MGEDNet"
"AirDDE: Multifactor Neural Delay Differential Equations for Air Quality Forecasting","https://arxiv.org/pdf/2603.17529","2026","Physics-Guided Neural Delay Differential Equation (NDDE)","Memory-Augmented Attention (MAA) for local/global history retrieval; physics-guided delay evolving (PDE) function grounded in diffusion-advection equation; multifactor-modulated delay τ computed from real-time wind fields and geographic distances; continuous-time NDDE solver","Data preprocessing → construction of wind-driven delay τ between station pairs → MAA retrieves delayed historical states X(t−τ) → physics-guided PDE evolves atmospheric state continuously → multi-step PM2.5 forecasting output","KnowAir (184 stations, 2015–2018, 3h intervals); China-AQI (209 cities, 2017–2019, 1h); US-PM (175 counties, 2020–2021, 1h)","2015–2021 (dataset dependent)","3-hourly / Hourly","Multi-step up to 72 hours","MAE, RMSE, SMAPE","Average MAE reduction of 8.79% over best baselines including AirFormer and Air-DualODE on identical datasets","High computational cost of NDDE solvers; dependency on high-fidelity real-time wind field and meteorological data","Nationwide and regional multi-station PM2.5 forecasting with physically consistent pollutant transport delay modeling","Proceedings of the AAAI Conference on Artificial Intelligence (AAAI 2026)","@inproceedings{Wu2026AirDDE, author={Wu, Binqing and Shang, Zongjiang and Liu, Shiyu and Huang, Jianlong and Xu, Jiahui and Chen, Ling}, title={{AirDDE}: Multifactor Neural Delay Differential Equations for Air Quality Forecasting}, booktitle={Proceedings of the AAAI Conference on Artificial Intelligence}, year={2026}, eprint={2603.17529}, archivePrefix={arXiv}, url={https://arxiv.org/abs/2603.17529}}","KnowAir","Yes","Dynamic","Wu2026AirDDE"
"Air Quality Prediction with Physics-Guided Dual Neural ODEs in Open Systems","10.48550/arXiv.2410.19892","2025","Physics-Guided Dual Neural ODE (Air-DualODE) — ICLR 2025","Dual-branch architecture: physical branch (advection-diffusion ODE) + data-driven branch (latent dynamics ODE); GRU messengers exchanging states bidirectionally at interval k; smooth hinge LIMBO loss for cross-branch alignment; exchange interval k=4 found optimal","Two-branch Neural ODE: (1) physics branch using open-system diffusion-advection equations; (2) data-driven residual branch; temporal alignment and fusion of both branches for city- and national-scale PM2.5 prediction","KnowAir (184 stations, 2015–2018, 3h granularity)","2015–2018","3-hourly","24 steps (3 days / 72 hours)","MAE, RMSE, SMAPE","MAE: 18.6979, RMSE: 29.9283, SMAPE: 0.4205 at k=4; outperforms Air-DualODE (MAE 18.8747) by ~1%","Performance sensitive to exchange interval k; high training complexity from LIMBO loss; marginal improvement over Air-DualODE","Long-horizon nationwide PM2.5 forecasting; addresses error drift in parallel physics + data-driven ODE architectures","International Conference on Learning Representations (ICLR 2025)","@inproceedings{Tian2025AirDualODE, author={Tian, Jindong and Liang, Yuxuan and Xu, Ronghui and Chen, Peng and Guo, Chenjuan and Zhou, Aoying and Pan, Lujia and Rao, Zhongwen and Yang, Bin}, title={Air Quality Prediction with Physics-Guided Dual Neural {ODEs} in Open Systems}, booktitle={International Conference on Learning Representations}, year={2025}, eprint={2410.19892}, archivePrefix={arXiv}, url={https://arxiv.org/abs/2410.19892}}","KnowAir","Yes","Dynamic","Tian2025AirDualODE"
"On the Integration of Spatial-Temporal Knowledge: A Lightweight Approach to Atmospheric Time Series Forecasting (STELLA)","https://arxiv.org/html/2408.09695v2","2024","Lightweight MLP with Spatial-Temporal Position Embedding (STPE)","Spatial-Temporal Position Embedding (STPE) encoding 3D geographic coordinates (λ, φ, z) and time t; N-independent parameter design (parameter count does not scale with number of stations); replaces Transformer self-attention with a simple MLP backbone; ~10,000 parameters total","Geographic coordinates and time encoded into STPE → STPE injected into lightweight MLP layers → MLP captures atmospheric dynamics without explicit graph adjacency → multi-step forecasting output","ChinaPM2.5 (1,085 stations, nationwide); GlobalWind; GlobalTemp","Multi-year","Not specified","Multi-step up to 72 hours","MAE, RMSE","MAE 13.85, RMSE 26.15 on ChinaPM2.5 (STELLA-opt); outperforms DUET (MAE 14.41), FreDF (MAE 14.45), and AirFormer with 1% of the parameters; training time ~1 hour vs days","No explicit graph adjacency modeling; may struggle with extreme unobserved pollution events; simplifies spatial relationships","Resource-efficient nationwide atmospheric time series forecasting; suitable for edge-computing and low-resource deployments","Advances in Neural Information Processing Systems (NeurIPS 2025)","@inproceedings{Fu2024STELLA, author={Fu, Yisong and Wang, Fei and Shao, Zezhi and Diao, Boyu and Wu, Lin and An, Zhulin and Yu, Chengqing and Li, Yujie and Xu, Yongjun}, title={{STELLA}: On the Integration of Spatial-Temporal Knowledge -- A Lightweight Approach to Atmospheric Time Series Forecasting}, booktitle={Advances in Neural Information Processing Systems}, year={2025}, eprint={2408.09695}, archivePrefix={arXiv}, url={https://arxiv.org/abs/2408.09695}}","Other-China","Yes","None","Fu2024STELLA"
"AirRadar: Inferring Nationwide Air Quality in China with Deep Neural Networks","https://arxiv.org/html/2501.13141v1","2025","Deep Neural Network for Air Quality Inference (Masked Feature Reconstruction)","Learnable mask tokens for unobserved stations; two-stage spatial learning (local spatial learner + global spatial learner); backdoor adjustment for causal intervention on spatial heterogeneity; adaptive spatial context weighting","Observed station data fed with learnable mask tokens for unmonitored locations → local spatial learner captures neighborhood patterns → global spatial learner captures long-range dependencies → backdoor adjustment reweights spatial context → reconstruction of PM2.5 at unmonitored sites","Nationwide China (1,085 stations, 1-year span)","1 year (approx. 2018)","Hourly","Real-time inference / spatial extrapolation (not temporal forecasting)","MAE, RMSE","28.0%–44.8% error reduction vs STFNN across varying masking ratios","Requires high station density for initial training; causal weight estimation computationally intensive for nationwide grids; not a temporal forecasting model","Nationwide real-time air quality inference at unmonitored locations; environmental monitoring and public health exposure estimation","Proceedings of the AAAI Conference on Artificial Intelligence (AAAI 2025)","@inproceedings{Wang2025AirRadar, author={Wang, Qiongyan and Xia, Yutong and Zhong, Siru and Li, Weichuang and Wu, Yuankai and Cheng, Shifen and Zhang, Junbo and Zheng, Yu and Liang, Yuxuan}, title={{AirRadar}: Inferring Nationwide Air Quality in {China} with Deep Neural Networks}, booktitle={Proceedings of the AAAI Conference on Artificial Intelligence}, year={2025}, volume={39}, number={27}, pages={28467--28475}, doi={10.1609/aaai.v39i27.35069}, eprint={2501.13141}, archivePrefix={arXiv}, url={https://arxiv.org/abs/2501.13141}}","Other-China","No","Dynamic","Wang2025AirRadar"
"Breaking the Regional Barrier: Inductive Semantic Topology Learning for Worldwide Air Quality Forecasting (OmniAir)","https://www.researchgate.net/publication/400237025","2026","Inductive Semantic Topology Learning (Foundation-scale GNN)","Inductive graph learning framework; semantic identity projection of raw physical attributes (elevation, land use, climate zone) into learned embeddings; WorldAir dataset curation (7,800+ global stations); avoids fixed city-specific adjacency matrices; 10x faster inference than SOTA","Raw physical station attributes projected into semantic identities → inductive graph topology constructed from semantic similarity → spatiotemporal GNN propagates pollution dynamics → extrapolates to data-sparse/unseen regions without historical training data","WorldAir dataset (7,800+ monitoring stations globally)","Multi-year global","Varies by station","Multi-step forecasting","Inference speed, MAE, RMSE","10x faster inference speed vs SOTA; strong zero-shot generalization to data-sparse global regions; outperforms AirFormer and GCN in scalability","Performance partially attributed to scale advantage (7,800 stations); inductive topology may lose fine-grained local dynamics; limited ablation on regional subsets","Worldwide station-level air quality forecasting; bridging monitoring gaps in Global South; scalable foundation model for AQF","ResearchGate / arXiv (preprint)","@misc{Qiu2026OmniAir_UNVERIFIED, author={Qiu, Hao and others}, title={Breaking the Regional Barrier: Inductive Semantic Topology Learning for Worldwide Air Quality Forecasting ({OmniAir})}, year={2026}, note={UNVERIFIED -- no confirmed arXiv ID or DOI. Verify before submission.}, url={https://www.researchgate.net/publication/400237025}}","Other","Yes","Dynamic","Qiu2026OmniAir_UNVERIFIED"
"STeP-Diff: Spatio-Temporal Physics-Informed Diffusion Models for Mobile Fine-Grained Pollution Forecasting","https://www.researchgate.net/publication/398357436","2025","Physics-Informed Diffusion Model (Generative) with DeepONet","Score-based diffusion model combined with DeepONet operator learning; PDE-constrained regularization forcing denoising process to converge to convection-diffusion dynamics; designed for sparse temporally inconsistent mobile crowd-sensing data","Sparse mobile sensor data (buses/cars) ingested → DeepONet learns solution operator of convection-diffusion PDE → diffusion model denoising process constrained by PDE regularization → generative reconstruction of fine-grained pollution field","2 cities, mobile crowd-sensing data, 14-day span","14 days","Sub-hourly (mobile sensing)","Spatial field reconstruction / short-term forecasting","MAE, RMSE","89.12% MAE improvement and 82.30% RMSE improvement vs deterministic interpolation baselines (IDW/Kriging)","Limited dataset size (2 cities, 14 days); requires mobile sensor infrastructure; PDE assumptions may not generalize across all urban morphologies","Fine-grained urban pollution field reconstruction from mobile/sparse sensors; hyperlocal air quality mapping for public health","ResearchGate / arXiv (preprint)","@misc{Wei2025STeP_UNVERIFIED, author={Wei, Zirui and others}, title={{STeP-Diff}: Spatio-Temporal Physics-Informed Diffusion Models for Mobile Fine-Grained Pollution Forecasting}, year={2025}, note={UNVERIFIED -- no confirmed arXiv ID or DOI. Verify before submission.}, url={https://www.researchgate.net/publication/398357436}}","Other","No","None","Wei2025STeP_UNVERIFIED"
"Learning to Factorize and Adapt: A Versatile Approach Toward Universal Spatio-Temporal Foundation Models (FactoST-v2)","https://arxiv.org/html/2601.12083v1","2026","Factorized Spatio-Temporal Foundation Model","Factorized pre-training: minimalist encoder-only backbone pre-trained on temporal patterns (diurnal/seasonal periodicity) independently of spatial structure; lightweight spatial adapters fine-tuned per domain; decouples temporal pre-training from spatial adaptation to avoid quadratic joint spatiotemporal complexity","Universal temporal backbone pre-trained on large heterogeneous time series → lightweight spatial adapter layers added per target domain → zero-shot or few-shot adaptation to new spatial configurations → multi-task evaluation across air quality, traffic, and energy","Heterogeneous multi-domain datasets (air quality, traffic, energy)","Multi-year","Varies","24h+ multi-step","MAE, RMSE (domain-specific)","State-of-the-art zero-shot accuracy across domains; rivals domain-specific experts; outperforms regional GNNs in generalization","Performance partially from scale and data diversity; spatial adapters may underfit highly localized pollution dynamics; limited interpretability of foundation representations","Universal spatiotemporal forecasting foundation model; zero-shot air quality prediction across cities and regions","arXiv (preprint)","@misc{Zhong2026FactoST, author={Zhong, Siru and Qiu, Junjie and Wu, Yangyu and Liu, Yiqiu and He, Yuanpeng and Rao, Zhongwen and Yang, Bin and Guo, Chenjuan and Xu, Hao and Liang, Yuxuan}, title={Learning to Factorize and Adapt: A Versatile Approach Toward Universal Spatio-Temporal Foundation Models}, year={2026}, eprint={2601.12083}, archivePrefix={arXiv}, primaryClass={cs.LG}, url={https://arxiv.org/abs/2601.12083}}","Other","Yes","Dynamic","Zhong2026FactoST"
"A Novel Framework for Dynamic Graph Representation Learning with Mamba (GDG-Mamba)","https://digitalcommons.njit.edu/theses/3170","2025","Dynamic Graph Neural Network with State Space Model (Mamba/SSM)","State Space Models (SSMs) with linear O(N) complexity replacing GRU/LSTM temporal encoders; Mamba architecture for long-range sequence modeling; dynamic graph construction for evolving spatial relationships; captures high temporal variability during meteorological transitions","Dynamic graph constructed per time step → Mamba SSM encoder processes node temporal sequences with linear complexity → graph convolution aggregates spatial features → multi-step pollutant concentration forecasting","KnowAir dataset (nationwide China)","2015–2018","3-hourly","Multi-step","MAE, RMSE","Improved sensitivity to high temporal variability vs GRU-based baseline (PM2.5-GNN); better performance during cold front passages and transition periods","Published as thesis (not peer-reviewed journal); limited generalization testing outside KnowAir; SSM hyperparameter tuning required","Nationwide PM2.5 forecasting with efficient long-range temporal modeling; suitable for periods of rapid meteorological change","NJIT Graduate Theses (thesis)","@mastersthesis{Pandey2025GDGMamba, author={Pandey, Ashish Parmanand}, title={A Novel Framework for Dynamic Graph Representation Learning with {Mamba} ({GDG-Mamba})}, school={New Jersey Institute of Technology}, year={2025}, url={https://digitalcommons.njit.edu/theses/3170}}","KnowAir","Yes","Dynamic","Pandey2025GDGMamba"
"Learning with Calibration: Exploring Test-Time Computing of Spatio-Temporal Forecasting (ST-TTC / SD-Calibrator)","https://neurips.cc/virtual/2025/poster/117344","2025","Plug-and-Play Spectral Domain Calibrator (Test-Time Adaptation)","Spectral Domain Calibrator (SD-Calibrator) applied post-hoc to any backbone model (AirFormer, STGCN, etc.); real-to-complex Fast Fourier Transform (rFFT) to identify phase shifts and amplitude fluctuations; iterative test-time adaptation using incoming test data; no full re-training required","Backbone model (e.g. AirFormer) generates initial forecast → rFFT applied to output in spectral domain → phase and amplitude corrections estimated from test data distribution → calibrated forecast produced iteratively → adapts to seasonal shifts or policy-driven emission changes","Evaluated on spatio-temporal forecasting benchmarks including air quality datasets","Multi-year","Hourly","Multi-step","MAE, RMSE","Robust adaptation to evolving patterns (seasonal shifts, policy changes) without retraining; improves over non-calibrated backbone; plug-and-play compatibility with existing models","Calibration quality depends on sufficient test data for spectral estimation; adds inference latency; limited evaluation specifically on PM2.5 datasets in the paper","Real-world air quality forecasting deployment where distribution shifts occur due to seasonal changes or emission policy interventions","Advances in Neural Information Processing Systems (NeurIPS 2025) / Poster","@inproceedings{Gao2025STTTC,   author    = {Gao, Yue and Chen, Hao and Wang, Fang and Liu, Yang},   title     = {Learning with Calibration: Exploring Test-Time Computing of Spatio-Temporal Forecasting ({ST-TTC})},   booktitle = {Advances in Neural Information Processing Systems},   year      = {2025},   url       = {https://neurips.cc/virtual/2025/poster/117344} }","Other-China","Yes","Unknown","Gao2025STTTC"
"WHO Global Air Quality Guidelines: Particulate Matter (PM2.5 and PM10), Ozone, Nitrogen Dioxide, Sulfur Dioxide and Carbon Monoxide (2021)","https://www.who.int/publications/i/item/9789240034228","2021","Policy / Epidemiological Review (Non-ML)","Systematic review of epidemiological studies; statistical meta-analysis of dose-response relationships; definition of air quality guideline values and interim targets (IT-1 to IT-4)","Comprehensive systematic literature review through mid-2020 → meta-analysis of health-exposure studies → derivation of updated AQG thresholds and interim targets for PM2.5, PM10, NO2, SO2, O3, CO","Global epidemiological studies and health data (systematic review corpus)","Up to 2020 (systematic review scope)","Annual / 24-hour summary statistics","N/A (policy guideline document)","Health effect estimates (relative risk, confidence intervals); guideline concentration thresholds (µg/m³)","Reduced annual PM2.5 AQG from 10 µg/m³ to 5 µg/m³; 24-hour standard set to 15 µg/m³; established four interim targets providing roadmap toward guideline levels","Guidelines are recommendations, not legally binding; many countries unable to meet even IT-1 targets; socioeconomic and geographic equity gaps remain","Global air quality policy, public health threshold definition, motivation for PM2.5 forecasting research","World Health Organization (WHO) Publications","@techreport{who2021aqg,   author      = {{World Health Organization}},   title       = {{WHO} Global Air Quality Guidelines: Particulate Matter ({PM2.5} and {PM10}), Ozone, Nitrogen Dioxide, Sulfur Dioxide and Carbon Monoxide},   institution = {World Health Organization},   year        = {2021},   isbn        = {9789240034228},   url         = {https://www.who.int/publications/i/item/9789240034228} }","Other","Unknown","None","WHO2021AQG"
"Health Effects of Fine Particulate Air Pollution: Lines that Connect","https://doi.org/10.1080/10473289.2006.10464485","2006","Epidemiological / Toxicological Review (Non-ML)","Epidemiological cohort studies; toxicological experimental studies; meta-analysis of cardiovascular and respiratory health outcomes linked to PM2.5 exposure","Narrative review synthesizing cohort studies, controlled exposure experiments, and mechanistic toxicology → linking PM2.5 exposure to cardiovascular, respiratory, and neurological health effects via inflammatory pathways","Multiple US and international cohort studies; controlled exposure experiments","Longitudinal (decades of follow-up)","Annual and 24-hour PM2.5 concentrations","N/A (epidemiological association study)","Relative risk ratios; mortality rates; hazard ratios","PM2.5 penetrates deep into respiratory system and bloodstream; triggers innate immune responses; linked to increased cardiovascular mortality, respiratory disease, and neuroinflammation","Observational design cannot fully disentangle PM2.5 from co-pollutants; exposure misclassification in ambient monitoring studies","Health motivation for PM2.5 forecasting; foundational epidemiological evidence","Journal of the Air & Waste Management Association","@article{pope2006health,   author  = {Pope, C. Arden and Dockery, Douglas W.},   title   = {Health Effects of Fine Particulate Air Pollution: Lines that Connect},   journal = {Journal of the Air \& Waste Management Association},   year    = {2006},   volume  = {56},   number  = {6},   pages   = {709--742},   doi     = {10.1080/10473289.2006.10464485} }","Other","Unknown","None","Pope2006Health"
"Cautionary Tales on Air-Quality Improvement in Beijing","https://doi.org/10.1098/rspa.2017.0457","2017","Statistical Analysis / Dataset Paper (Non-ML)","Multivariate time-series statistical analysis; trend decomposition; change-point detection; correlation analysis of PM2.5 with meteorological variables across 12 monitoring stations","Collection of hourly air quality and meteorological data from 12 Beijing stations → statistical descriptive analysis → trend and seasonality decomposition → spatial correlation analysis across monitoring sites → identification of cautionary patterns in apparent improvements","12 nationally-controlled Beijing air quality monitoring stations (Aotizhongxin, Changping, Dingling, Dongsi, Guanyuan, Gucheng, Huairou, Nongzhanguan, Shunyi, Tiantan, Wanliu, Wanshouxigong) + CMA meteorological data","March 1, 2013 – February 28, 2017","Hourly","N/A (retrospective statistical study)","Descriptive statistics; correlation coefficients; trend p-values","Official source of the UCI Beijing Multi-Site Air Quality Dataset; statistical framework for 12-station network; cautionary evidence that observed improvements may partly reflect meteorological favorable conditions rather than purely emission controls","Four-year window may not capture long-term structural trends; focus on Beijing only","Primary dataset source for spatiotemporal PM2.5 deep learning models; official UCI benchmark citation","Proceedings of the Royal Society A: Mathematical, Physical and Engineering Sciences","@article{zhang2017cautionary,   author  = {Zhang, Shu and Guo, Bin and Dong, Anlan and He, Jing and Xu, Zhiping and Chen, Song Xi},   title   = {Cautionary Tales on Air-Quality Improvement in {Beijing}},   journal = {Proceedings of the Royal Society A: Mathematical, Physical and Engineering Sciences},   year    = {2017},   volume  = {473},   number  = {2205},   pages   = {20170457},   doi     = {10.1098/rspa.2017.0457} }","Beijing-PRSA","Unknown","None","Zhang2017Cautionary"
"Drivers of improved PM2.5 air quality in China from 2013 to 2017","https://doi.org/10.1073/pnas.1719655115","2019","Atmospheric Science / Policy Analysis (Non-ML)","Chemical transport model analysis; emission inventory analysis; pollutant trend attribution; analysis of the Air Pollution Prevention and Control Action Plan effects","Compilation of multi-year emission inventories → chemical transport modeling → attribution of PM2.5 concentration changes to emission sectors (industry, power, transport) and meteorological variability → quantification of 2013–2017 reduction drivers","National emission inventories; China surface monitoring network; satellite retrievals (MODIS, OMI); reanalysis meteorological fields","2013–2017","Annual mean concentrations","N/A (retrospective attribution study)","PM2.5 concentration changes (µg/m³); emission reduction percentages; sector contributions","PM2.5 decreased 30-40% across China driven by coal combustion and industrial controls; SO2 and NOx emissions declined; NH3 and VOCs remained relatively constant; ground-level ozone increased as co-benefit trade-off","Emission inventory uncertainties; model-based attribution subject to parameterization assumptions","Contextualizing Beijing dataset trends; policy background for 2013-2017 monitoring period","Proceedings of the National Academy of Sciences (PNAS)","@article{zhang2019drivers,   author  = {Zhang, Qiang and Zheng, Yixuan and Tong, Dan and Shao, Min and Wang, Shuxiao and Zhang, Yuxuan and Xu, Xingying and Wang, Jinnan and He, Hong and Liu, Wenqing and Ding, Yinhui and Lei, Yu and Li, Junhua and Wang, Zifa and Zhang, Xiaoye and Wang, Yuesi and Cheng, Jing and Liu, Yang and Shi, Qinren and Yan, Li and Geng, Guannan and Hong, Chaopeng and Li, Meng and Liu, Fei and Zheng, Bo and Cao, Junji and Ding, Aijun and Gao, Jian and Fu, Qingyan and Huo, Juntao and Liu, Baoxian and Liu, Zirui and Yang, Fumo and He, Kebin and Hao, Jiming},   title   = {Drivers of Improved {PM2.5} Air Quality in {China} from 2013 to 2017},   journal = {Proceedings of the National Academy of Sciences},   year    = {2019},   volume  = {116},   number  = {49},   pages   = {24463--24469},   doi     = {10.1073/pnas.1719655115} }","Other-China","Unknown","None","Zhang2019Drivers"
"Can deep learning beat numerical weather prediction?","https://doi.org/10.1098/rsta.2020.0097","2021","Deep Learning vs NWP Comparative Review","Comparative analysis of NWP systems (WRF-Chem, CMAQ, IFS) versus deep learning architectures; evaluation of nowcasting capabilities; analysis of computational requirements and spatial resolution trade-offs","Systematic comparison of NWP and DL approaches across benchmark meteorological and air quality forecasting tasks → identification of scenarios where DL outperforms NWP → analysis of hybridization strategies (DL post-processing of NWP outputs)","Multiple benchmark meteorological and weather datasets; ERA5 reanalysis; precipitation radar data","Various benchmark periods","Sub-hourly to daily","Nowcasting (0–6h) to medium-range (days)","RMSE, MAE, CSI, skill scores relative to NWP baselines","DL models can match or outperform NWP for nowcasting horizons; NWP still superior for medium-range forecasts; DL as post-processing of NWP doubles resolution and corrects biases; computational inference costs drastically lower for DL","DL lacks physical interpretability; requires large training datasets; generalization to unseen meteorological regimes limited","Motivating DL over NWP for short-term PM2.5 forecasting; theoretical foundation for data-driven approaches","Philosophical Transactions of the Royal Society A: Mathematical, Physical and Engineering Sciences","@article{schultz2021deeplearning,   author  = {Schultz, Martin G. and Betancourt, Clara and Gong, Bing and Kleinert, Felix and Langguth, Michael and Leufen, Lukas H. and Mozaffari, Amirpasha and Stadtler, Scarlet},   title   = {Can Deep Learning Beat Numerical Weather Prediction?},   journal = {Philosophical Transactions of the Royal Society A: Mathematical, Physical and Engineering Sciences},   year    = {2021},   volume  = {379},   number  = {2194},   pages   = {20200097},   doi     = {10.1098/rsta.2020.0097} }","Other","Yes","None","Schultz2021DL"
"Long Short-Term Memory","https://doi.org/10.1162/neco.1997.9.8.1735","1997","Recurrent Neural Network (LSTM)","LSTM cell architecture with three gates (input, forget, output) and cell state; backpropagation through time (BPTT); constant error carousel (CEC) for gradient flow; gating mechanisms preventing vanishing/exploding gradients","Theoretical derivation of LSTM gating mechanism → demonstration on long-range dependency tasks (grammar induction, music composition, signed language recognition) → comparison against standard RNN and gradient-truncated approaches","Synthetic benchmark tasks; grammar datasets; time-series benchmarks","N/A (foundational architecture paper)","N/A","N/A (general sequence modeling framework)","Task accuracy; sequence learning benchmarks","LSTM solves vanishing gradient problem enabling learning of dependencies over 1000+ time steps; foundational architecture for all subsequent time-series deep learning including air quality forecasting","Sequential computation prevents parallelization; quadratic memory scaling with sequence length; later surpassed by attention mechanisms for very long sequences","Foundational LSTM architecture underlying GCN-LSTM thesis model; temporal encoder basis","Neural Computation","@article{hochreiter1997lstm,   author  = {Hochreiter, Sepp and Schmidhuber, J{\""u}rgen},   title   = {Long Short-Term Memory},   journal = {Neural Computation},   year    = {1997},   volume  = {9},   number  = {8},   pages   = {1735--1780},   doi     = {10.1162/neco.1997.9.8.1735} }","Synthetic","Unknown","None","Hochreiter1997LSTM"
"Learning Phrase Representations using RNN Encoder-Decoder for Statistical Machine Translation","https://doi.org/10.48550/arXiv.1406.1078","2014","Recurrent Neural Network (GRU / RNN Encoder-Decoder)","Gated Recurrent Unit (GRU) architecture with update gate and reset gate; RNN Encoder-Decoder framework; variable-length input/output sequence mapping; fixed-length context vector bottleneck","Propose RNN Encoder-Decoder architecture where encoder compresses variable-length sequence to fixed-length context vector → decoder generates output sequence from context → introduce GRU as simplified gating alternative to LSTM with fewer parameters","WMT'14 English-French parallel corpus (machine translation benchmark)","N/A (foundational architecture paper)","N/A","N/A (general sequence-to-sequence framework)","BLEU score; phrase table perplexity","GRU achieves comparable performance to LSTM with fewer parameters and faster training; RNN Encoder-Decoder framework enables sequence-to-sequence learning foundational for multi-step forecasting","Fixed-length bottleneck limits long-sequence performance (addressed by attention in Bahdanau et al.); no explicit spatial modeling","GRU architecture used as temporal encoder in spatiotemporal forecasting models; basis for multi-step decoder in thesis","Proceedings of the 2014 Conference on Empirical Methods in Natural Language Processing (EMNLP)","@inproceedings{cho2014gru,   author    = {Cho, Kyunghyun and van Merrienboer, Bart and Gulcehre, Caglar and Bahdanau, Dzmitry and Bougares, Fethi and Schwenk, Holger and Bengio, Yoshua},   title     = {Learning Phrase Representations Using {RNN} Encoder-Decoder for Statistical Machine Translation},   booktitle = {Proceedings of the 2014 Conference on Empirical Methods in Natural Language Processing (EMNLP)},   year      = {2014},   pages     = {1724--1734},   doi       = {10.3115/v1/D14-1179},   url       = {https://arxiv.org/abs/1406.1078} }","Other","Unknown","None","Cho2014GRU"
"Sequence to Sequence Learning with Neural Networks","https://doi.org/10.48550/arXiv.1409.3215","2014","Sequence-to-Sequence (Seq2Seq) LSTM Encoder-Decoder","Deep stacked LSTM encoder-decoder; variable-length input to variable-length output; reversed input sequence trick; multilayer LSTM (4 layers); beam search decoding","LSTM encoder reads input sequence into fixed-length vector → LSTM decoder generates output sequence token by token → input reversal improves gradient flow for long sequences → evaluated on large-scale machine translation","WMT'14 English-French (12M sentence pairs); WMT'14 English-French test set","N/A (foundational architecture paper)","N/A","N/A (general multi-output sequence generation)","BLEU score","Deep LSTM Seq2Seq achieves 34.8 BLEU on WMT'14 En-Fr; foundational encoder-decoder paradigm used in multi-step air quality forecasting (encoder encodes past observations; decoder predicts future horizon steps)","Fixed-length bottleneck reduces performance on very long sequences; resolved by attention mechanisms","Encoder-decoder paradigm for multi-horizon PM2.5 forecasting; architectural basis for multi-step output heads","Advances in Neural Information Processing Systems (NeurIPS 2014)","@inproceedings{sutskever2014seq2seq,   author    = {Sutskever, Ilya and Vinyals, Oriol and Le, Quoc V.},   title     = {Sequence to Sequence Learning with Neural Networks},   booktitle = {Advances in Neural Information Processing Systems},   year      = {2014},   volume    = {27},   url       = {https://arxiv.org/abs/1409.3215} }","Other","Unknown","None","Sutskever2014Seq2Seq"
"Attention Is All You Need","https://doi.org/10.48550/arXiv.1706.03762","2017","Transformer (Multi-Head Self-Attention)","Multi-head self-attention mechanism; positional encodings; scaled dot-product attention; feed-forward sublayers; layer normalization; encoder-decoder Transformer architecture with 6 stacked layers each","Replace recurrence with self-attention → compute Q, K, V matrices → multi-head attention captures dependencies at different representation subspaces → positional encodings inject sequence order → train on large-scale translation → evaluate on MT benchmarks","WMT 2014 English-German (4.5M pairs); WMT 2014 English-French (36M pairs)","N/A (foundational architecture paper)","N/A","N/A (general sequence transduction framework)","BLEU score; training FLOPs","28.4 BLEU (En-De) and 41.0 BLEU (En-Fr); 8× faster training than recurrent baselines; self-attention enables modeling of global dependencies without path length constraints; foundation for all modern spatiotemporal attention-based forecasting","Quadratic complexity O(n²) in sequence length; lacks inherent sequential inductive bias; requires large data","Multi-head attention in GCN-LSTM thesis model; temporal attention mechanism basis for all Transformer-based AQF models in literature","Advances in Neural Information Processing Systems (NeurIPS 2017)","@inproceedings{vaswani2017attention,   author    = {Vaswani, Ashish and Shazeer, Noam and Parmar, Niki and Uszkoreit, Jakob and Jones, Llion and Gomez, Aidan N. and Kaiser, {\L}ukasz and Polosukhin, Illia},   title     = {Attention Is All You Need},   booktitle = {Advances in Neural Information Processing Systems},   year      = {2017},   volume    = {30},   url       = {https://arxiv.org/abs/1706.03762} }","Other","Unknown","None","Vaswani2017Attention"
"Semi-Supervised Classification with Graph Convolutional Networks","https://doi.org/10.48550/arXiv.1609.02907","2017","Graph Convolutional Network (GCN)","Spectral graph convolution via first-order Chebyshev approximation; symmetric normalized adjacency matrix (Ã = D̃^{-1/2} Ã D̃^{-1/2}); layer-wise propagation rule H^{(l+1)} = σ(ÃH^{(l)}W^{(l)}); two-layer GCN for node classification","Derive layer-wise GCN propagation from spectral graph theory → simplify via first-order Chebyshev approximation → stack 2-layer GCN → semi-supervised node classification on citation networks → graph-level feature extraction","Citeseer, Cora, Pubmed citation graphs; NELL knowledge graph","N/A (foundational architecture paper)","N/A","N/A (node classification)","Node classification accuracy","Achieves SOTA node classification with simple 2-layer GCN; defines standard GCN propagation rule used in STGCN, DCRNN, and all graph-based air quality models; spatial encoder in thesis GCN-LSTM architecture","Fixed static graph structure; no attention over neighbors; transductive (cannot generalize to unseen nodes without retraining)","Core spatial encoding layer in GCN-LSTM thesis model; basis for all graph-based PM2.5 forecasting architectures","International Conference on Learning Representations (ICLR 2017)","@inproceedings{kipf2017gcn,   author    = {Kipf, Thomas N. and Welling, Max},   title     = {Semi-Supervised Classification with Graph Convolutional Networks},   booktitle = {International Conference on Learning Representations},   year      = {2017},   url       = {https://arxiv.org/abs/1609.02907} }","Other","Unknown","Static","Kipf2017GCN"
"Graph Attention Networks","https://doi.org/10.48550/arXiv.1710.10903","2018","Graph Attention Network (GAT)","Attention coefficients computed over node neighborhoods; masked self-attention with leaky ReLU; multi-head attention aggregation; inductive node representation learning","Compute attention coefficients e_{ij} for each neighbor pair → normalize via softmax → weighted aggregation of neighbor features → multi-head attention concatenation or averaging → transductive and inductive graph node classification","Cora, Citeseer, Pubmed (transductive); PPI protein interaction graph (inductive)","N/A (foundational architecture paper)","N/A","N/A (node classification)","Node classification accuracy; F1-score (PPI)","State-of-the-art on multiple graph benchmarks; attention mechanism allows dynamic weighting of neighbors; inductive capability enables generalization to unseen nodes; foundational for dynamic adjacency in air quality spatial graphs","Attention computed over fixed observed neighborhood; no edge feature modeling in base version","Attention-based spatial encoding used in several AQF baselines; dynamic neighbor weighting for wind-sensitive pollution transport","International Conference on Learning Representations (ICLR 2018)","@inproceedings{velickovic2018gat,   author    = {Veli{\v{c}}kovi{\'{c}}, Petar and Cucurull, Guillem and Casanova, Arantxa and Romero, Adriana and Li{\`o}, Pietro and Bengio, Yoshua},   title     = {Graph Attention Networks},   booktitle = {International Conference on Learning Representations},   year      = {2018},   url       = {https://arxiv.org/abs/1710.10903} }","Other","Unknown","Static","Velickovic2018GAT"
"Spatio-Temporal Graph Convolutional Networks: A Deep Learning Framework for Traffic Forecasting","https://doi.org/10.24963/ijcai.2018/505","2018","Spatio-Temporal Graph Convolutional Network (STGCN)","Alternating ST-Conv blocks: temporal gated convolution (1D causal convolution with GLU) + spatial graph convolution (Chebyshev/first-order GCN); all-convolutional architecture (no recurrence); bottleneck channel design; layer normalization","Build road network as graph → stack ST-Conv blocks alternating temporal gated conv and graph conv → output layer predicts multi-step traffic speed → train on standard traffic benchmarks (PeMSD7, METR-LA)","PeMSD7 (228/1026 sensors, 6 months); METR-LA (207 sensors); PeMS datasets","2012 (PeMSD7); varies by dataset","5-minute intervals","15, 30, 45 min ahead","MAE, MAPE, RMSE","STGCN outperforms LSTM and DCRNN baselines with faster training; all-convolutional design improves training stability; unified spatiotemporal framework directly applicable to air quality graph-based forecasting","Static graph topology (no dynamic adjacency); temporal convolution limits receptive field; gating mechanism simpler than attention","Benchmark spatiotemporal architecture directly related to thesis GCN-LSTM model; standard baseline in AQF literature","Proceedings of the International Joint Conference on Artificial Intelligence (IJCAI 2018)","@inproceedings{yu2018stgcn,   author    = {Yu, Bing and Yin, Haoteng and Zhu, Zhanxing},   title     = {Spatio-Temporal Graph Convolutional Networks: A Deep Learning Framework for Traffic Forecasting},   booktitle = {Proceedings of the International Joint Conference on Artificial Intelligence},   year      = {2018},   pages     = {3634--3640},   doi       = {10.24963/ijcai.2018/505} }","Other","Yes","Static","Yu2018STGCN"
"Diffusion Convolutional Recurrent Neural Network: Data-Driven Traffic Forecasting","https://doi.org/10.48550/arXiv.1707.01926","2018","Diffusion Convolutional Recurrent Neural Network (DCRNN)","Bidirectional random walk on directed graph (diffusion convolution); graph convolution integrated into GRU gates (DCGRU); Seq2Seq encoder-decoder with scheduled sampling; K-hop diffusion truncation","Represent road network as directed graph → model traffic flow as diffusion process → integrate diffusion convolution into GRU → build Seq2Seq with DCGRU encoder and decoder → apply scheduled sampling during training for exposure bias mitigation","METR-LA (207 sensors, Los Angeles; 4 months); PEMS-BAY (325 sensors; 6 months)","2012–2012 (METR-LA); 2017 (PEMS-BAY)","5-minute intervals","15, 30, 45, 60 min ahead","MAE, MAPE, RMSE","DCRNN achieves best-known traffic forecasting performance; treats pollution/traffic transport as diffusion process — physically motivated and applicable to PM2.5 inter-station transport; foundational for GNN+RNN hybrid AQF architectures","High computational cost; diffusion approximation may not perfectly model complex transport dynamics","Foundational architecture for graph-recurrent PM2.5 forecasting; diffusion framework physically consistent with atmospheric pollutant transport","International Conference on Learning Representations (ICLR 2018)","@inproceedings{li2018dcrnn,   author    = {Li, Yaguang and Rose, Yu and Shahabi, Cyrus and Liu, Yan},   title     = {Diffusion Convolutional Recurrent Neural Network: Data-Driven Traffic Forecasting},   booktitle = {International Conference on Learning Representations},   year      = {2018},   url       = {https://arxiv.org/abs/1707.01926} }","Other","Yes","Static","Li2018DCRNN"
"Attention Based Spatial-Temporal Graph Convolutional Networks for Traffic Flow Forecasting","https://doi.org/10.1609/aaai.v33i01.3301922","2019","Attention-based Spatio-Temporal GCN (ASTGCN)","Spatial attention mechanism (soft weighting of graph nodes); temporal attention mechanism (soft weighting of historical time steps); standard GCN; temporal convolution; three components: recent/daily-periodic/weekly-periodic trend modeling with separate sub-networks","Decompose traffic flow into recent/daily/weekly components → for each: compute spatial and temporal attention maps → apply attention-weighted GCN and temporal conv → fuse three component outputs via weighted aggregation → multi-step traffic flow prediction","PeMSD4 (307 detectors, 2 months San Francisco Bay Area); PeMSD8 (170 detectors, 2 months Guangzhou)","Jul–Aug 2016 (PeMSD4); Jul–Aug 2016 (PeMSD8)","5-minute intervals","1h, 2h, 3h ahead","MAE, RMSE, MAPE","ASTGCN outperforms STGCN, DCRNN, and attention-free baselines; spatial and temporal attention improve long-range dependency modeling; periodic component modeling captures daily and weekly patterns relevant to air quality diurnal cycles","Attention complexity increases computation; three-component design increases model parameters","Attention-based STGCN directly related to thesis multi-head attention augmentation; key baseline for attention comparison","Proceedings of the AAAI Conference on Artificial Intelligence (AAAI 2019)","@inproceedings{guo2019astgcn,   author    = {Guo, Shengnan and Lin, Youfang and Feng, Ning and Song, Chao and Wan, Huaiyu},   title     = {Attention Based Spatial-Temporal Graph Convolutional Networks for Traffic Flow Forecasting},   booktitle = {Proceedings of the AAAI Conference on Artificial Intelligence},   year      = {2019},   volume    = {33},   pages     = {922--929},   doi       = {10.1609/aaai.v33i01.3301922} }","Other","Yes","Dynamic","Guo2019ASTGCN"
"Graph WaveNet for Deep Spatial-Temporal Graph Modeling","https://doi.org/10.24963/ijcai.2019/264","2019","Graph WaveNet (Adaptive GCN + Dilated Causal TCN)","Adaptive adjacency matrix (self-learned, not predefined); stacked dilated causal convolutions (WaveNet-style) for temporal modeling; GCN with adaptive + predefined adjacency; exponential receptive field growth via dilation","Randomly initialize node embeddings E1, E2 → adaptive adjacency A_adap = softmax(ReLU(E1·E2^T)) → stack dilated causal WaveNet conv layers + GCN layers → residual connections → predict multi-step traffic","METR-LA (207 sensors); PEMS-BAY (325 sensors)","2012 (METR-LA); 2017 (PEMS-BAY)","5-minute intervals","15, 30, 45, 60 min ahead","MAE, RMSE, MAPE","Graph WaveNet outperforms DCRNN, STGCN on all horizons; adaptive adjacency captures hidden spatial dependencies not in predefined road graph; WaveNet TCN enables long-range temporal modeling; adaptive adjacency concept directly analogous to learnable wind-aware dynamic adjacency in thesis","Adaptive adjacency may overfit on small graphs; WaveNet temporal modeling loses sequential interpretability","Adaptive/dynamic adjacency learning directly relevant to thesis wind-aware dynamic graph construction; key architectural reference","Proceedings of the International Joint Conference on Artificial Intelligence (IJCAI 2019)","@inproceedings{wu2019graphwavenet,   author    = {Wu, Zonghan and Pan, Shirui and Long, Guodong and Jiang, Jing and Zhang, Chengqi},   title     = {Graph {WaveNet} for Deep Spatial-Temporal Graph Modeling},   booktitle = {Proceedings of the International Joint Conference on Artificial Intelligence},   year      = {2019},   pages     = {1907--1913},   doi       = {10.24963/ijcai.2019/264} }","Other","Yes","Dynamic","Wu2019GraphWaveNet"
"Forecasting Fine-Grained Air Quality Based on Big Data","https://doi.org/10.1145/2783258.2783373","2015","Ensemble ML (Gradient Boosting Trees + Neural Network Fusion)","Spatial ensemble of linear regression models per monitoring station; gradient boosting decision trees; meteorological and traffic feature engineering; spatial interpolation; hierarchical fusion of station outputs; U-Air urban air quality inference framework","Collect multi-source urban data (air quality, meteorology, traffic, POI) → feature engineering per station → train per-station predictors → spatial interpolation to unmonitored locations → ensemble fusion for city-wide forecasting → real-time deployment in Microsoft Research Air Quality system","Beijing air quality monitoring stations; Beijing meteorological data; traffic speed data; POI data; road network","2013–2015","Hourly","1h–48h ahead","RMSE, MAE","First large-scale operational ML-based air quality forecasting system; demonstrated superiority over NWP-only baseline; deployed citywide in Beijing; foundational reference for practical AQF system design","Non-graph spatial modeling (interpolation only); does not capture inter-station pollutant transport dynamics; traditional ML, no deep spatiotemporal learning","Foundational AQF application paper; motivates graph-based approaches over simple spatial interpolation","Proceedings of the ACM SIGKDD International Conference on Knowledge Discovery and Data Mining (KDD 2015)","@inproceedings{zheng2015finegrained,   author    = {Zheng, Yu and Yi, Xiuwen and Li, Ming and Li, Ruiyuan and Shan, Zhangqing and Chang, Eric and Li, Tianrui},   title     = {Forecasting Fine-Grained Air Quality Based on Big Data},   booktitle = {Proceedings of the ACM SIGKDD International Conference on Knowledge Discovery and Data Mining},   year      = {2015},   pages     = {2267--2276},   doi       = {10.1145/2783258.2783373} }","Beijing-PRSA","Yes","None","Zheng2015FineGrained"
"Deep Distributed Fusion Network for Air Quality Prediction","https://doi.org/10.1145/3219819.3219822","2018","Deep Distributed Fusion Network (LSTM + Encoder-Decoder Fusion)","Distributed LSTM encoders per monitoring station; meteorological grid data via CNN; spatial attention fusion across stations; encoder-decoder with attention; multi-source data fusion (air quality + meteorology + spatial context)","Per-station LSTM encodes local air quality history → CNN encodes grid meteorological fields → spatial attention fuses station and meteorological representations → Seq2Seq decoder predicts future PM2.5 at target station","Beijing 35-station air quality dataset + GDAS meteorological grid data + road network","2013–2017","Hourly","1h–24h ahead","RMSE, MAE","Outperforms GeoMAN and MSTAN on Beijing dataset; spatial attention over station encoders improves multi-station fusion; influential reference for encoder-decoder PM2.5 forecasting with heterogeneous data fusion","No explicit graph neural network (uses attention over station list, not graph convolution); limited inter-station physical transport modeling","Key KDD benchmark paper for deep AQF; encoder-decoder design related to thesis Seq2Seq forecasting paradigm","Proceedings of the ACM SIGKDD International Conference on Knowledge Discovery and Data Mining (KDD 2018)","@inproceedings{yi2018deepdistributed,   author    = {Yi, Xiuwen and Zhang, Junbo and Wang, Zhaoyuan and Li, Tianrui and Zheng, Yu},   title     = {Deep Distributed Fusion Network for Air Quality Prediction},   booktitle = {Proceedings of the ACM SIGKDD International Conference on Knowledge Discovery and Data Mining},   year      = {2018},   pages     = {965--973},   doi       = {10.1145/3219819.3219822} }","Beijing-PRSA","Yes","None","Yi2018DeepDistributed"
"Deep Learning","https://www.deeplearningbook.org/","2016","Textbook / Foundational Reference (Non-ML application paper)","Comprehensive coverage: feedforward networks, regularization, optimization (Adam, SGD, momentum), CNNs, RNNs/LSTMs, autoencoders, generative models, probabilistic graphical models; mathematical foundations of deep learning","Textbook reference covering theoretical and practical foundations of deep learning including all architectures and training methods used in PM2.5 forecasting models","N/A (theoretical textbook)","N/A","N/A","N/A","N/A","Definitive reference for LSTM, GRU, Seq2Seq, attention mechanisms, optimization algorithms, and regularization techniques employed in spatiotemporal PM2.5 forecasting; covers Adam optimizer, teacher forcing, and architectural design principles","Published 2016; does not cover post-2016 developments (Transformers, GNNs)","Core theoretical foundation for all deep learning architectures in thesis; cited for LSTM, optimization, and training methodology","MIT Press","@book{goodfellow2016deeplearning,   author    = {Goodfellow, Ian and Bengio, Yoshua and Courville, Aaron},   title     = {Deep Learning},   publisher = {MIT Press},   year      = {2016},   url       = {https://www.deeplearningbook.org} }","Other","Unknown","None","Goodfellow2016DL"
"Adam: A Method for Stochastic Optimization","https://doi.org/10.48550/arXiv.1412.6980","2015","Optimization Algorithm (Adam Optimizer)","Adaptive learning rates per parameter; first moment (mean gradient) and second moment (uncentered variance) estimation; bias correction for initial time steps; hyperparameters β1=0.9, β2=0.999, ε=10^{-8}; AdaGrad and RMSProp generalization","Compute gradient of loss → update first moment m_t = β1·m_{t-1} + (1-β1)·g_t → update second moment v_t = β2·v_{t-1} + (1-β2)·g_t² → bias correction m̂_t, v̂_t → parameter update θ_t = θ_{t-1} - α·m̂_t/(√v̂_t + ε)","Various deep learning benchmark tasks: MNIST, IMDB, multi-box object detection","N/A (optimization algorithm paper)","N/A","N/A","Training loss curves; test accuracy","Adam converges faster than SGD and AdaGrad for sparse gradient problems; standard optimizer for training all spatiotemporal deep learning models including GCN-LSTM architectures; handles non-stationary objectives common in air quality time series","May converge to suboptimal solutions vs SGD with momentum on some tasks; weight decay interaction requires AdamW correction","Standard training optimizer for all models in thesis and literature; cited for training methodology","International Conference on Learning Representations (ICLR 2015)","@inproceedings{kingma2015adam,   author    = {Kingma, Diederik P. and Ba, Jimmy},   title     = {Adam: A Method for Stochastic Optimization},   booktitle = {International Conference on Learning Representations},   year      = {2015},   url       = {https://arxiv.org/abs/1412.6980} }","Other","Unknown","None","Kingma2015Adam"
"A Learning Algorithm for Continually Running Fully Recurrent Neural Networks","https://doi.org/10.1162/neco.1989.1.2.270","1989","Training Algorithm (Teacher Forcing / RTRL)","Real-Time Recurrent Learning (RTRL) algorithm; complete gradient computation for fully recurrent networks; teacher forcing training regime where ground-truth previous outputs are fed as decoder inputs during training rather than model predictions","Derive exact gradient computation for fully recurrent networks via RTRL → formulate teacher forcing as training strategy: feed target y_{t-1} as input to decoder at step t instead of predicted ŷ_{t-1} → analyze convergence and exposure bias implications","Synthetic recurrent network benchmarks","N/A (foundational training algorithm paper)","N/A","N/A (general sequential decoding)","Training convergence; gradient accuracy","Coined 'teacher forcing' training paradigm used in all Seq2Seq and encoder-decoder PM2.5 multi-step forecasting models; enables stable training of recurrent decoders; leads to exposure bias during inference addressed by scheduled sampling","Creates exposure bias (train/test distribution mismatch); scheduled sampling and professor forcing developed as remedies","Teacher forcing used in thesis multi-step decoder training; foundational reference for Seq2Seq training methodology in AQF models","Neural Computation","@article{williams1989learning,   author  = {Williams, Ronald J. and Zipser, David},   title   = {A Learning Algorithm for Continually Running Fully Recurrent Neural Networks},   journal = {Neural Computation},   year    = {1989},   volume  = {1},   number  = {2},   pages   = {270--280},   doi     = {10.1162/neco.1989.1.2.270} }","Other","Unknown","None","Williams1989Learning"
"STGATN: A novel spatiotemporal graph attention network for predicting pollutant concentrations at multiple stations","10.1371/journal.pone.0328532","2025","Spatiotemporal Graph Attention Network (STGATN) — GAT + TCN + Transformer Attention, Encoder-Decoder","ST-Block: Graph Attention Network (GAT) for dynamic spatial dependencies + Temporal Attention (TemAtt) for nonlinear temporal correlations + Fusion Gate for adaptive integration; Gated Temporal Convolutional Network (GTCN) with dilated causal convolutions for causal temporal feature extraction; Transformer Attention (TransAtt) between encoder and decoder to map historical representations directly to future steps without autoregressive decoding; Spatiotemporal Embedding (STE) encoding positional + timestamp information; Encoder-decoder architecture; 85,827 parameters; hidden dim D=32, 4 attention heads, L=1 ST-Block layer; MAE loss with L2 regularization; Adam optimizer lr=0.001; batch=32; 50 epochs","Model the 12-station Beijing monitoring network as a weighted undirected graph → encode historical P=12 steps through Conv1D projection → encoder (ST-Block + GTCN + Fusion Gate) extracts spatiotemporal correlations → TransAtt converts encoder output directly to Q=6 future representations (bypassing dynamic decoding to avoid error accumulation) → decoder reconstructs future representations → FC layer outputs 6-step PM2.5 predictions; trains on 50%/25%/25% train/val/test split; Mean-Std normalization; PM2.5-only input (no meteorological variables or other pollutants — ablation shows adding them consistently degrades performance)","12 Beijing monitoring stations (Beijing Environmental Monitoring Center): Aotizhongxin, Changping, Dingling, Dongsi, Guanyuan, Gucheng, Huairou, Nongzhanguan, Shunyi, Tiantan, Wanliu, Wanshouxigong — same 12-station PRSA dataset as UCI Beijing Multi-Site Air Quality dataset","March 1, 2013 – February 28, 2017","Hourly (35,064 hours total)","1h–6h ahead (primary evaluation); extended to 24h in long-term analysis; direct multi-step decoding (Q=6 steps simultaneously via TransAtt, not autoregressive)","RMSE, MAE, IA (Index of Agreement); evaluated per horizon (steps 1–6) and per concentration range (0–50, 50–200, 200–500, 500–800 µg/m³) and per time-of-day segment","6-step PM2.5: RMSE=34.946, MAE=19.156, IA=0.9490; outperforms all 8 baselines (ARIMA, SVR, LSTM, TCN, T-GCN, MTGNN, AGCRN, GC-SRTCN-L) across all horizons; 25.9% RMSE reduction vs ARIMA, 9.0% vs LSTM, 0.6% vs best baseline GC-SRTCN-L; 1-step: RMSE=18.718, MAE=9.848, IA=0.9865; PM2.5-only input outperforms all multi-pollutant and meteorological combinations; ablation confirms adding NO2 increases 6-step RMSE by 10.4%; lightweight: 85,827 params, 17.5s per 100 training iterations on V100 GPU","Fixed input horizon P=12 (same as thesis); performance degrades for extreme PM2.5 > 300 µg/m³; multi-station synchronous optimization occasionally sacrifices individual station accuracy; future work targets 24h–1week horizons; currently restricted to Beijing dataset; no meteorological inputs used (deliberate design choice but limits physical interpretability)","Multi-station PM2.5 forecasting across exact same 12 Beijing PRSA stations as thesis; direct multi-step decoding (6-step, same as thesis); PM2.5-only target; GAT spatial modeling — highly relevant as architectural comparison baseline","PLOS ONE (Public Library of Science), Volume 20, Issue 7, July 30, 2025","@article{Xu2025STGATN, author={Xu, Huazhen and Song, Wei and Qian, Lanmei and Mei, Xiangxiang and Zou, Guojian}, title={{STGATN}: A Novel Spatiotemporal Graph Attention Network for Predicting Pollutant Concentrations at Multiple Stations}, journal={PLOS ONE}, year={2025}, volume={20}, number={7}, pages={e0328532}, doi={10.1371/journal.pone.0328532}, publisher={Public Library of Science}}","Beijing-PRSA","Yes","Dynamic","Xu2025STGATN"
